BaseClass7Impl_DF83::m_18E	Void m_18E()	UnityEngine.GameObject::get_transform()	
BaseClass7Sibling_203E::m_58B	Void m_58B()		ServiceDescriptorCacheItem::get_Last
BaseClass7Sibling_203E::m_776	Void m_776()		<RunOnThreadPool>d__101::MoveNext
BaseClass7Sibling_203E::m_79E	Void m_79E()		<RunOnThreadPool>d__101::MoveNext
BaseClass7Sibling_203E::m_877	Void m_877()		ServiceDescriptorCacheItem::get_Last
BaseClass7Sibling_203E::m_FA8	Void m_FA8()		ServiceDescriptorCacheItem::get_Last
BaseClass7Sibling_90E8::m_E65	Void m_E65()		<RunOnThreadPool>d__101::MoveNext
BaseClass7_35BE::m_344	Void m_344()	UnityEngine.Transform::get_position_Injected(UnityEngine.Vector3&)	
BaseClass7_35BE::m_895	Void m_895()	UnityEngine.Transform::get_position_Injected(UnityEngine.Vector3&)	
BaseClass9Impl_3535::m_8DB	Void m_8DB()	UnityEngine.Mesh::get_isReadable()	
BaseClass9Impl_7416::m_255	Void m_255()	UnityEngine.Joint::set_connectedBody(UnityEngine.Rigidbody)	
BaseClass9Impl_7416::m_B25	Void m_B25()	UnityEngine.Component::get_transform()	
BaseClass9Impl_D467::m_728	Void m_728()	UnityEngine.Joint::set_connectedBody(UnityEngine.Rigidbody)	
BaseClass9Impl_D467::m_C3B	Void m_C3B()	UnityEngine.Renderer::set_shadowCastingMode(UnityEngine.Rendering.ShadowCastingMode)	
BaseClass9Impl_D467::m_CA9	Void m_CA9()		AudioSource::get_clip
BaseClass9_2EBE::m_08B	Void m_08B()	UnityEngine.Joint::set_connectedBody(UnityEngine.Rigidbody)	
BaseClass9_2EBE::m_55E	Void m_55E()	UnityEngine.Joint::set_connectedBody(UnityEngine.Rigidbody)	
BaseClass9_2EBE::m_6A9	Void m_6A9()	UnityEngine.Joint::set_connectedBody(UnityEngine.Rigidbody)	
BaseClass9_2EBE::m_8D6	Void m_8D6()	UnityEngine.Joint::set_connectedBody(UnityEngine.Rigidbody)	
BaseClass9_2EBE::m_A2A	Void m_A2A()	UnityEngine.Joint::set_connectedBody(UnityEngine.Rigidbody)	
BaseClass9_2EBE::m_A2E	Void m_A2E()	UnityEngine.Joint::set_connectedBody(UnityEngine.Rigidbody)	
BaseClass9_2EBE::m_A6E	Void m_A6E()	UnityEngine.Joint::set_connectedBody(UnityEngine.Rigidbody)	
BaseClass9_2EBE::m_AC5	Void m_AC5()	UnityEngine.Joint::set_connectedBody(UnityEngine.Rigidbody)	
BaseClass9_2EBE::m_B25	Void m_B25()	UnityEngine.Joint::set_connectedBody(UnityEngine.Rigidbody)	
BaseClass9_2EBE::m_BEA	Void m_BEA()	UnityEngine.Joint::set_connectedBody(UnityEngine.Rigidbody)	
BaseClass9_2EBE::m_CB6	Void m_CB6()	UnityEngine.Joint::set_connectedBody(UnityEngine.Rigidbody)	
BaseClass9_2EBE::m_E2F	Void m_E2F()	UnityEngine.Joint::set_connectedBody(UnityEngine.Rigidbody)	
BaseClass9_2EBE::m_F5E	Void m_F5E()	UnityEngine.Joint::set_connectedBody(UnityEngine.Rigidbody)	
ComplexComponentImplImpl_2D41::m_778	Void m_778()	UnityEngine.GameObject::SetActive(System.Boolean)	
ComplexComponentImplImpl_6B3D::m_15F	Void m_15F()	UnityEngine.GameObject::SetActive(System.Boolean)	
ComplexComponentImplImpl_C366::m_0D2	Void m_0D2()	UnityEngine.Component::get_gameObject() | UnityEngine.GameObject::SetActive(System.Boolean)	
ComplexComponentImplSiblingSibling_92E4::m_872	Void m_872()	UnityEngine.Transform::InverseTransformVector_Injected(UnityEngine.Vector3&,UnityEngine.Vector3&)	ParentConstraint::get_constraintActive
ComplexComponentImplSiblingSibling_AE56::m_03F	Void m_03F()		ServiceDescriptorCacheItem::get_Last
ComplexComponentImplSiblingSibling_AE56::m_0B3	Void m_0B3()		ServiceDescriptorCacheItem::get_Last
ComplexComponentImplSiblingSibling_AE56::m_427	Void m_427()		ServiceDescriptorCacheItem::get_Last
ComplexComponentImplSiblingSibling_AE56::m_59D	Void m_59D()		ServiceDescriptorCacheItem::get_Last
ComplexComponentImplSiblingSibling_AE56::m_6C6	Void m_6C6()		ServiceDescriptorCacheItem::get_Last
ComplexComponentImplSiblingSibling_AE56::m_86A	Void m_86A()		ServiceDescriptorCacheItem::get_Last
ComplexComponentImplSiblingSibling_AE56::m_881	Void m_881()		<RunOnThreadPool>d__101::MoveNext
ComplexComponentImplSiblingSibling_AE56::m_C8F	Void m_C8F()		ServiceDescriptorCacheItem::get_Last
ComplexComponentImplSiblingSibling_AE56::m_DF3	Void m_DF3()		ServiceDescriptorCacheItem::get_Last
ComplexComponentImplSiblingSibling_AE56::m_E65	Void m_E65()		ServiceDescriptorCacheItem::get_Last
ComplexComponentImplSiblingSibling_AE56::m_F50	Void m_F50()		ServiceDescriptorCacheItem::get_Last
ComplexComponentImpl_0C87::m_1B5	Void m_1B5()	UnityEngine.Component::get_gameObject()	
ComplexComponentImpl_1211::m_CC6	Void m_CC6()	UnityEngine.GameObject::SetActive(System.Boolean)	
ComplexComponentImpl_1211::m_DB0	Void m_DB0()	UnityEngine.GameObject::SetActive(System.Boolean)	
ComplexComponentImpl_2CDE::m_042	Void m_042()		Static7m_95EC::IsNativeObjectAlive
ComplexComponentImpl_3F89::m_1B2	Void m_1B2()	UnityEngine.Component::get_gameObject() | UnityEngine.GameObject::SetActive(System.Boolean)	
ComplexComponentImpl_3F89::m_C1E	Void m_C1E()	UnityEngine.Component::get_gameObject() | UnityEngine.GameObject::SetActive(System.Boolean)	
ComplexComponentImpl_8218::m_B34	Void m_B34()		CallSiteFactory::KeysMatch
ComplexComponentImpl_A727::m_1BB	Void m_1BB()	UnityEngine.Component::get_gameObject()	
ComplexComponentImpl_DC2C::m_31F	Void m_31F()	UnityEngine.GameObject::SetActive(System.Boolean)	
ComplexComponentImpl_DC2C::m_B4A	Void m_B4A()	UnityEngine.Component::get_gameObject() | UnityEngine.GameObject::SetActive(System.Boolean)	
ComplexComponentImpl_DC2C::m_C5B	Void m_C5B()	UnityEngine.Component::get_gameObject() | UnityEngine.GameObject::SetActive(System.Boolean)	
ComplexComponentImpl_DE40::m_B27	Void m_B27()		ProfilerRecorder::StartNew
ComplexComponentImpl_E036::m_95E	Void m_95E()	UnityEngine.Component::get_gameObject()	
ComplexComponentImpl_E036::m_9B8	Void m_9B8()	UnityEngine.GameObject::SetActive(System.Boolean)	
ComplexComponentImpl_E036::m_AB8	Void m_AB8()	UnityEngine.Component::get_gameObject() | UnityEngine.GameObject::SetActive(System.Boolean)	
ComplexComponentImpl_E1A6::m_EAB	Void m_EAB()	UnityEngine.Component::get_gameObject()	
ComplexComponentImpl_E70B::m_56C	Void m_56C()		LifecycleComponent_8041::IsInvoking
ComplexComponentRelated_29DE::m_D5A	Void m_D5A()		<RunOnThreadPool>d__101::MoveNext
ComplexComponentSiblImpl_8B69::m_CDB	Void m_CDB()	UnityEngine.Transform::get_position_Injected(UnityEngine.Vector3&)	
ComplexComponentSiblingSiblingSibling_09DB::m_05A	Void m_05A()		<RunOnThreadPool>d__101::MoveNext
ComplexComponentSiblingSiblingSibling_09DB::m_2C5	Void m_2C5()		<RunOnThreadPool>d__101::MoveNext
ComplexComponentSiblingSiblingSibling_09DB::m_602	Void m_602()		<RunOnThreadPool>d__101::MoveNext
ComplexComponentSiblingSiblingSibling_09DB::m_8D9	Void m_8D9()		<RunOnThreadPool>d__101::MoveNext
ComplexComponentSiblingSiblingSibling_09DB::m_CB7	Void m_CB7()		ServiceDescriptorCacheItem::get_Last
ComplexComponentSiblingSiblingSibling_09DB::m_F8E	Void m_F8E()		ServiceDescriptorCacheItem::get_Last
ComplexComponentSiblingSibling_7550::m_038	Void m_038()		<RunOnThreadPool>d__101::MoveNext
ComplexComponentSiblingSibling_7550::m_1D0	Void m_1D0()		<RunOnThreadPool>d__101::MoveNext
ComplexComponentSiblingSibling_7550::m_2E8	Void m_2E8()		<RunOnThreadPool>d__101::MoveNext
ComplexComponentSiblingSibling_7550::m_384	Void m_384()		<RunOnThreadPool>d__101::MoveNext
ComplexComponentSiblingSibling_7550::m_3A0	Void m_3A0()		<RunOnThreadPool>d__101::MoveNext
ComplexComponentSiblingSibling_7550::m_3AC	Void m_3AC()		<RunOnThreadPool>d__101::MoveNext
ComplexComponentSiblingSibling_7550::m_47E	Void m_47E()		<RunOnThreadPool>d__101::MoveNext
ComplexComponentSiblingSibling_7550::m_F47	Void m_F47()		<RunOnThreadPool>d__101::MoveNext
ComplexComponentSiblingSibling_8882::m_7A1	Void m_7A1()	UnityEngine.Joint::set_connectedBody(UnityEngine.Rigidbody)	
ComplexComponentSiblingSibling_8882::m_9A9	Void m_9A9()	UnityEngine.Joint::set_connectedBody(UnityEngine.Rigidbody)	
ComplexComponentSiblingSibling_8882::m_E9D	Void m_E9D()		StandardFormat::ParseHelper
ComplexComponentSiblingSibling_9950::m_0B9	Void m_0B9()		ServiceDescriptorCacheItem::get_Last
ComplexComponentSiblingSibling_9950::m_922	Void m_922()		ServiceDescriptorCacheItem::get_Last
ComplexComponentSiblingSibling_9950::m_C82	Void m_C82()		ServiceDescriptorCacheItem::get_Last
ComplexComponentSiblingSibling_9950::m_EA0	Void m_EA0()		ServiceDescriptorCacheItem::get_Last
ComplexComponentSibling_19D1::m_46F	Void m_46F()		<RunOnThreadPool>d__101::MoveNext
ComplexComponentSibling_2B39::m_1DF	Void m_1DF()	UnityEngine.Renderer::GetMaterial()	
ComplexComponentSibling_4B71::m_45C	Void m_45C()		<RunOnThreadPool>d__101::MoveNext
ComplexComponentSibling_4B71::m_697	Void m_697()		<RunOnThreadPool>d__101::MoveNext
ComplexComponentSibling_4B71::m_7CB	Void m_7CB()		<RunOnThreadPool>d__101::MoveNext
ComplexComponentSibling_4B71::m_DB2	Void m_DB2()		<RunOnThreadPool>d__101::MoveNext
ComplexComponentSibling_4B71::m_E97	Void m_E97()		<RunOnThreadPool>d__101::MoveNext
ComplexComponentSibling_781B::m_597	Void m_597()		<RunOnThreadPool>d__101::MoveNext
ComplexComponentSibling_781B::m_6DB	Void m_6DB()		<RunOnThreadPool>d__101::MoveNext
ComplexComponentSibling_781B::m_96C	Void m_96C()		<RunOnThreadPool>d__101::MoveNext
ComplexComponentSibling_781B::m_D67	Void m_D67()		<RunOnThreadPool>d__101::MoveNext
ComplexComponentSibling_781B::m_F7E	Void m_F7E()		<RunOnThreadPool>d__101::MoveNext
ComplexComponentSibling_8C26::m_B77	Void m_B77()		<RunOnThreadPool>d__101::MoveNext
ComplexComponentSibling_9BC4::m_049	Void m_049()		<RunOnThreadPool>d__101::MoveNext
ComplexComponentSibling_9BC4::m_49E	Void m_49E()		<RunOnThreadPool>d__101::MoveNext
ComplexComponentSibling_9BC4::m_76C	Void m_76C()		ServiceDescriptorCacheItem::get_Last
ComplexComponentSibling_9BC4::m_7DB	Void m_7DB()		ServiceDescriptorCacheItem::get_Last
ComplexComponentSibling_9BC4::m_9A2	Void m_9A2()		ServiceDescriptorCacheItem::get_Last
ComplexComponentSibling_9BC4::m_9F2	Void m_9F2()		ServiceDescriptorCacheItem::get_Last
ComplexComponentSibling_9BC4::m_B7F	Void m_B7F()		ServiceDescriptorCacheItem::get_Last
ComplexComponentSibling_9BC4::m_B90	Void m_B90()		ServiceDescriptorCacheItem::get_Last
ComplexComponentSibling_9BC4::m_BDE	Void m_BDE()		ServiceDescriptorCacheItem::get_Last
ComplexComponentSibling_9BC4::m_CDC	Void m_CDC()		ServiceDescriptorCacheItem::get_Last
ComplexComponentSibling_9BC4::m_D0D	Void m_D0D()		ServiceDescriptorCacheItem::get_Last
ComplexComponentSibling_9BC4::m_D3E	Void m_D3E()		ServiceDescriptorCacheItem::get_Last
ComplexComponentSibling_9BC4::m_DB0	Void m_DB0()		ServiceDescriptorCacheItem::get_Last
ComplexComponentSibling_9BC4::m_EAE	Void m_EAE()		ServiceDescriptorCacheItem::get_Last
ComplexComponentSibling_9BC4::m_F45	Void m_F45()		ServiceDescriptorCacheItem::get_Last
ComplexComponentSibling_BF36::m_095	Void m_095()		<RunOnThreadPool>d__101::MoveNext
ComplexComponentSibling_BF36::m_5F3	Void m_5F3()		<RunOnThreadPool>d__101::MoveNext
ComplexComponentSibling_BF36::m_776	Void m_776()		<RunOnThreadPool>d__101::MoveNext
ComplexComponentSibling_E1EC::m_112	Void m_112()		ServiceDescriptorCacheItem::get_Last
ComplexComponentSibling_E1EC::m_7C4	Void m_7C4()		ServiceDescriptorCacheItem::get_Last
ComplexComponentSibling_E1EC::m_7EB	Void m_7EB()		ServiceDescriptorCacheItem::get_Last
ComplexComponentSibling_E1EC::m_893	Void m_893()		ServiceDescriptorCacheItem::get_Last
ComplexComponentSibling_E1EC::m_922	Void m_922()		ServiceDescriptorCacheItem::get_Last
ComplexComponentSibling_E1EC::m_A9F	Void m_A9F()		ServiceDescriptorCacheItem::get_Last
ComplexComponentSibling_E1EC::m_C4A	Void m_C4A()		ServiceDescriptorCacheItem::get_Last
ComplexComponentSibling_E1EC::m_C98	Void m_C98()		ServiceDescriptorCacheItem::get_Last
ComplexComponentSibling_E1EC::m_E10	Void m_E10()		ServiceDescriptorCacheItem::get_Last
ComplexComponentSibling_E1EC::m_E25	Void m_E25()		ServiceDescriptorCacheItem::get_Last
ComplexComponentSibling_E1EC::m_E8F	Void m_E8F()		ServiceDescriptorCacheItem::get_Last
ComplexComponentSibling_E1EC::m_EEF	Void m_EEF()		ServiceDescriptorCacheItem::get_Last
ComplexComponentSibling_E1EC::m_F24	Void m_F24()		ServiceDescriptorCacheItem::get_Last
ComplexComponentSibling_E1EC::m_F37	Void m_F37()		ServiceDescriptorCacheItem::get_Last
ComplexComponentSibling_E1EC::m_F9A	Void m_F9A()		ServiceDescriptorCacheItem::get_Last
ComplexComponentSibling_EFBF::m_23E	Void m_23E()		<RunOnThreadPool>d__101::MoveNext
ComplexComponentSibling_EFBF::m_4A8	Void m_4A8()		<RunOnThreadPool>d__101::MoveNext
ComplexComponentSibling_EFBF::m_4CE	Void m_4CE()		<RunOnThreadPool>d__101::MoveNext
ComplexComponentSibling_EFBF::m_822	Void m_822()		<RunOnThreadPool>d__101::MoveNext
ComplexComponentSibling_EFBF::m_A54	Void m_A54()		<RunOnThreadPool>d__101::MoveNext
ComplexComponentSibling_EFBF::m_A89	Void m_A89()		<RunOnThreadPool>d__101::MoveNext
ComplexComponentSibling_EFBF::m_CC5	Void m_CC5()		<RunOnThreadPool>d__101::MoveNext
ComplexComponentSibling_EFBF::m_CD6	Void m_CD6()		<RunOnThreadPool>d__101::MoveNext
ComplexComponentSibling_F021::m_16A	Void m_16A()		<RunOnThreadPool>d__101::MoveNext
ComplexComponentSibling_F021::m_922	Void m_922()		ServiceDescriptorCacheItem::get_Last
ComplexComponentSibling_F021::m_BD7	Void m_BD7()		ServiceDescriptorCacheItem::get_Last
ComplexComponentSibling_F021::m_C82	Void m_C82()		ServiceDescriptorCacheItem::get_Last
ComplexComponentSibling_F021::m_CB6	Void m_CB6()		ServiceDescriptorCacheItem::get_Last
ComplexComponentSibling_F021::m_D4A	Void m_D4A()		ServiceDescriptorCacheItem::get_Last
ComplexComponentSibling_F021::m_E6F	Void m_E6F()		ServiceDescriptorCacheItem::get_Last
ComplexComponentSibling_F021::m_EA0	Void m_EA0()		ServiceDescriptorCacheItem::get_Last
ComplexComponentSibling_F021::m_F6B	Void m_F6B()		<RunOnThreadPool>d__101::MoveNext
ComplexComponentSibling_F028::m_119	Void m_119()	UnityEngine.Component::get_transform()	TMP_SubMeshUI::set_sharedMaterial
ComplexComponentSibling_F8F0::m_0B9	Void m_0B9()		ServiceDescriptorCacheItem::get_Last
ComplexComponentSibling_F8F0::m_1C6	Void m_1C6()		<RunOnThreadPool>d__101::MoveNext
ComplexComponentSibling_F8F0::m_1DB	Void m_1DB()		ServiceDescriptorCacheItem::get_Last
ComplexComponentSibling_F8F0::m_253	Void m_253()		ServiceDescriptorCacheItem::get_Last
ComplexComponentSibling_F8F0::m_31D	Void m_31D()		ServiceDescriptorCacheItem::get_Last
ComplexComponentSibling_F8F0::m_46E	Void m_46E()		ServiceDescriptorCacheItem::get_Last
ComplexComponentSibling_F8F0::m_785	Void m_785()		ServiceDescriptorCacheItem::get_Last
ComplexComponentSibling_F8F0::m_7C4	Void m_7C4()		ServiceDescriptorCacheItem::get_Last
ComplexComponentSibling_F8F0::m_850	Void m_850()		ServiceDescriptorCacheItem::get_Last
ComplexComponentSibling_F8F0::m_922	Void m_922()		ServiceDescriptorCacheItem::get_Last
ComplexComponentSibling_F8F0::m_982	Void m_982()		ServiceDescriptorCacheItem::get_Last
ComplexComponentSibling_F8F0::m_BD7	Void m_BD7()		ServiceDescriptorCacheItem::get_Last
ComplexComponentSibling_F8F0::m_C41	Void m_C41()		ServiceDescriptorCacheItem::get_Last
ComplexComponentSibling_F8F0::m_C6A	Void m_C6A()		<RunOnThreadPool>d__101::MoveNext
ComplexComponentSibling_F8F0::m_C82	Void m_C82()		ServiceDescriptorCacheItem::get_Last
ComplexComponentSibling_F8F0::m_D4A	Void m_D4A()		ServiceDescriptorCacheItem::get_Last
ComplexComponentSibling_F8F0::m_EA0	Void m_EA0()		ServiceDescriptorCacheItem::get_Last
ComplexComponent_12D5::m_E51	Void m_E51()	UnityEngine.ImageConversion::EncodeToPNG(UnityEngine.Texture2D)	
ComplexComponent_1DD5::m_965	Void m_965()		DateTime::System.IConvertible.ToSingle
ComplexComponent_22B2::m_514	Void m_514()	UnityEngine.Joint::set_connectedBody(UnityEngine.Rigidbody)	
ComplexComponent_22B2::m_5A9	Void m_5A9()		AsyncStateMachine_6C8B::Equals
ComplexComponent_22B2::m_765	Void m_765()		ComplexComponent_0B13::IsInvoking
ComplexComponent_22B2::m_84A	Void m_84A()		AsyncStateMachine_6C8B::Equals
ComplexComponent_22B2::m_E82	Void m_E82()		AsyncStateMachine_6C8B::Equals
ComplexComponent_29A6::m_213	Void m_213()		LifecycleComponent_D91C::CancelInvoke
ComplexComponent_29A6::m_2D3	Void m_2D3()		DateTime::System.IConvertible.ToSingle
ComplexComponent_29A6::m_51E	Void m_51E()		StandardFormat::ParseHelper
ComplexComponent_29A6::m_5EB	Void m_5EB()		LifecycleComponent_D91C::CancelInvoke
ComplexComponent_29A6::m_68D	Void m_68D()		Static8m_BEDD::GetHashCode
ComplexComponent_29A6::m_B02	Void m_B02()		LifecycleComponent_D91C::CancelInvoke | ServiceDescriptorCacheItem::get_Last
ComplexComponent_29A6::m_E4B	Void m_E4B()		Static8m_BEDD::GetHashCode
ComplexComponent_29A6::m_EA6	Void m_EA6()		LifecycleComponent_D91C::CancelInvoke | ServiceDescriptorCacheItem::get_Last
ComplexComponent_332D::m_5BA	Void m_5BA()	UnityEngine.Behaviour::set_enabled(System.Boolean)	
ComplexComponent_343A::m_E7F	Void m_E7F()	UnityEngine.Transform::set_position_Injected(UnityEngine.Vector3&) | UnityEngine.Transform::set_rotation_Injected(UnityEngine.Quaternion&)	
ComplexComponent_49D1::m_0F1	Void m_0F1()		AnimationPlayableExtensions::SetAnimatedPropertiesInternal | ExternUnityEngineUIMask::__get_transform__UnityEngineTransform
ComplexComponent_49D1::m_4C0	Void m_4C0()		ExternUnityEngineUIMask::__get_transform__UnityEngineTransform
ComplexComponent_49D1::m_764	Void m_764()	UnityEngine.Component::get_gameObject()	
ComplexComponent_49D1::m_9F3	Void m_9F3()		AnimationPlayableExtensions::SetAnimatedPropertiesInternal | ExternUnityEngineUIMask::__get_transform__UnityEngineTransform
ComplexComponent_49D1::m_AF3	Void m_AF3()	UnityEngine.Component::get_gameObject() | UnityEngine.GameObject::SetActive(System.Boolean)	
ComplexComponent_49D1::m_B76	Void m_B76()		AnimationPlayableExtensions::SetAnimatedPropertiesInternal
ComplexComponent_49D1::m_CA1	Void m_CA1()	UnityEngine.Component::get_gameObject()	AnimationPlayableExtensions::SetAnimatedPropertiesInternal | ExternUnityEngineUIMask::__get_transform__UnityEngineTransform
ComplexComponent_552C::m_7D6	Void m_7D6()	UnityEngine.Application::OpenURL(System.String)	
ComplexComponent_552C::m_DCA	Void m_DCA()	UnityEngine.PlayerPrefs::HasKey(System.String)	
ComplexComponent_56A0::m_622	Void m_622()		DateTime::System.IConvertible.ToSingle
ComplexComponent_6FD4::m_058	Void m_058()	UnityEngine.GameObject::SetActive(System.Boolean) | UnityEngine.GameObject::get_transform() | UnityEngine.Transform::set_position_Injected(UnityEngine.Vector3&)	
ComplexComponent_6FD4::m_154	Void m_154()		LifecycleComponent_D91C::CancelInvoke
ComplexComponent_6FD4::m_45A	Void m_45A()		Static8m_BEDD::GetHashCode
ComplexComponent_6FD4::m_A3F	Void m_A3F()		Static8m_BEDD::GetHashCode
ComplexComponent_6FD4::m_BD2	Void m_BD2()	UnityEngine.GameObject::SetActive(System.Boolean)	
ComplexComponent_6FD4::m_C06	Void m_C06()	UnityEngine.Camera::get_farClipPlane() | UnityEngine.Camera::get_nearClipPlane() | UnityEngine.Camera::get_worldToCameraMatrix_Injected(UnityEngine.Matrix4x4&)	
ComplexComponent_7679::m_083	Void m_083()	UnityEngine.Component::get_gameObject()	
ComplexComponent_7679::m_0CB	Void m_0CB()		AnimationPlayableExtensions::SetAnimatedPropertiesInternal
ComplexComponent_7679::m_178	Void m_178()	UnityEngine.Component::get_gameObject() | UnityEngine.Component::get_transform() | UnityEngine.Transform::FindRelativeTransformWithPath(UnityEngine.Transform,System.String,System.Boolean)	
